-- Name: Sauban Kidwai
-- SrudentID: 20748199


-- This file is going to be used to insert Values into the created tables after running Create_Tables.sql

-- Insert into Team Table
INSERT INTO Team (Team_ID, Team_Name)
VALUES (1, 'Spain'), (2, 'England'), (3, 'Sweden'), (4, 'Australia'), (5, 'United States'), (6, 'France'), (7, 'Colombia'), (8, 'Netherlands'), (9, 'Japan'), (10, 'Jamaica'), (11, 'Morocco'), (12, 'Nigeria'), (13, 'Denmark'), (14, 'South Africa'), (15, 'Switzerland'), (16, 'Norway'), (17, 'Korea Republic'), (18, 'Germany'), (19, 'Italy'), (20, 'Argentina'), (21, 'Brazil'), (22, 'Panama'), (23, 'Vietnam'), (24, 'Portugal'), (25, 'Haiti'), (26, 'China PR'), (27, 'Costa Rica'), (28, 'Zambia'), (29, 'Republic of Ireland'), (30, 'Canada'), (31, 'New Zealand'), (32, 'Philippines');

SELECT * FROM Team;

-- Insert into Manager Table

INSERT INTO Manager (Manager_ID, Manager_Name)
VALUES (1, 'Jorge Vilda'), (2, 'Sarina Wiegman'), (3, 'Peter Gerhardsson'), (4, 'Tony Gustavsson'), (5, 'Herve Renard'), (6, 'Futoshi Ikeda'), (7, 'Nelson Abadia'), (8, 'Andries Jonker'), (9, 'Inka Grings'), (10, 'Lorne Donaldson'), (11, 'Reynald Pedros'), (12, 'Colin Bell'), (13, 'Desiree Ellis'), (14, 'German Portanova'), (15, 'Nacho Quintana'), (16, 'Randy Waldrum'), (17, 'Lars Sondergaard'), (18, 'Vlatko Andonovski'), (19, 'Mai Duc CHung'), (20, 'Francisco Neto'), (21, 'Nicolas Delepine'), (22, 'Shui Qingxia'), (23, 'Amelia Valverde'), (24, 'Vera Pauw'), (25, 'Bev Priestman'), (26, 'Hege Riise'), (27, 'Martina Voss-Tecklenburg'), (28, 'Milena Bertolini'), (29, 'Pia Sundhage'), (30, 'Bruce Mwape'), (31, 'Jitka Klimkova'), (32, 'Alen Stajcic');

SELECT * FROM Manager;

-- Insert into Referee Table

INSERT INTO Referee (Referee_ID, Referee_Name)
VALUES (1, 'Tori Penso'), (2, 'Cheryl Foster'), (3, 'Edina Alves Batista'), (4, 'Maria Carvajal'), (5, 'Katja Koroleva'), (6, 'Stephanie Frappart'), (7, 'Esther Staubli'), (8, 'Kate Jacewicz'), (9, 'Melissa Borjas Pastrana'), (10, 'Rebecca Welch'), (11, 'Yoshimi Yamashita'), (12, 'Maria Sole Ferrieri Caputi'), (13, 'Anna-Marie Keighley'), (14, 'Salima Mukansanga'), (15, 'Laura Fortunato'), (16, 'Ivana Martincic'), (17, 'Oh Hyeonjeong'), (18, 'Casey Reibelt'), (19, 'Bouchra Karboubi'), (20, 'Katia Garcia'), (21, 'Marie-Soleil Beaudoin'), (22, 'Kateryna Monzul'), (23, 'Tess Olofsson'), (24, 'Marta Huerta'), (25, 'Emikar Calderas'), (26, 'Lina Lehtovaara'), (27, 'Vincentia Amedome');

SELECT * FROM Referee;

pager less -SFX;



-- Insert into Game Table


INSERT INTO Game (Match_ID, Home_Team_ID, Away_Team_ID, Home_Manager_ID, Away_Manager_ID, Venue, Game_Round, `Date`, Referee_ID, Attendance)
VALUES 
(1, 1, 2, 1, 2, 'Accor Stadium, Sydney', 'Final', '2023-08-20', 1, 75784),
(2, 3, 4, 3, 4, 'Suncorp Stadium, Brisbane', 'Third Place Match', '2023-08-19', 2, 49461),
(3, 4, 2, 4, 2, 'Accor Stadium, Sydney', 'Semi Final', '2023-08-16', 1, 75784),
(4, 1, 3, 1, 3, 'Eden Park, Auckland', 'Semi Final', '2023-08-15', 3, 43217),
(5, 4, 6, 4, 5, 'Suncorp Stadium, Brisbane', 'Quarter Final', '2023-08-12', 4, 49461),
(6, 2, 7, 2, 7, 'Accor Stadium, Sydney', 'Quarter Final', '2023-08-12', 5, 75784),
(7, 1, 8, 1, 8, 'Sky Stadium, Wellington', 'Quarter Final', '2023-08-11', 6, 32021),
(8, 9, 3, 6, 3, 'Eden Park, Auckland', 'Quarter Final', '2023-08-11', 7, 43217),
(9, 7, 10, 7, 10, 'AAMI Park, Melbourne', 'Round of 16', '2023-08-08', 8, 27706),
(10, 6, 11, 5, 11, 'Coopers Stadium, Adelaide', 'Round of 16', '2023-08-08', 1, 13557),
(11, 2, 12, 2, 16, 'Suncorp Stadium, Brisbane', 'Round of 16', '2023-08-07', 9, 49461),
(12, 4, 13, 4, 17, 'Accor Stadium, Sydney', 'Round of 16', '2023-08-07', 10, 75784),
(13, 8, 14, 8, 13, 'Allianz Stadium, Sydney', 'Round of 16', '2023-08-06', 11, 40233),
(14, 3, 5, 3, 18, 'AAMI Park, Melbourne', 'Round of 16', '2023-08-06', 6, 27706),
(15, 15, 1, 9, 1, 'Eden Park, Auckland', 'Round of 16', '2023-08-05', 2, 43217),
(16, 9, 16, 6, 26, 'Sky Stadium, Wellington', 'Round of 16', '2023-08-05', 3, 33042),
(17, 11, 7, 11, 7, 'HBF Park, Perth', 'Group Stage', '2023-08-03', 12, 17342),
(18, 17, 18, 12, 27, 'Suncorp Stadium, Brisbane', 'Group Stage', '2023-08-03', 13, 38945),
(19, 14, 19, 13, 28, 'Sky Stadium, Wellington', 'Group Stage', '2023-08-02', 4, 14967),
(20, 20, 3, 14, 3, 'FMG Stadium Waikato, Hamilton', 'Group Stage', '2023-08-02', 14, 17907),
(21, 10, 21, 10, 29, 'AAMI Park, Melbourne', 'Group Stage', '2023-08-02', 7, 27638),
(22, 22, 6, 15, 5, 'Allianz Stadium, Sydney', 'Group Stage', '2023-08-02', 15, 40498),
(23, 23, 8, 19, 8, 'Forsyth Barr Stadium, Dunedin', 'Group Stage', '2023-08-01', 16, 8215),
(24, 24, 5, 20, 18, 'Eden Park, Auckland', 'Group Stage', '2023-08-01', 10, 40958),
(25, 25, 13, 21, 17, 'HBF Park, Perth', 'Group Stage', '2023-08-01', 17, 17897),
(26, 26, 2, 22, 2, 'Coopers Stadium, Adelaide', 'Group Stage', '2023-08-01', 18, 13497),
(27, 9, 1, 6, 1, 'Sky Stadium, Wellington', 'Group Stage', '2023-07-31', 5, 20957),
(28, 27, 28, 23, 30, 'FMG Stadium Waikato, Hamilton', 'Group Stage', '2023-07-31', 19, 8117),
(29, 29, 12, 24, 16, 'Suncorp Stadium, Brisbane', 'Group Stage', '2023-07-31', 20, 24884),
(30, 30, 4, 25, 4, 'AAMI Park, Melbourne', 'Group Stage', '2023-07-31', 6, 27706),
(31, 17, 11, 12, 11, 'Coopers Stadium, Adelaide', 'Group Stage', '2023-07-30', 3, 12886),
(32, 15, 31, 9, 31, 'Forsyth Barr Stadium, Dunedin', 'Group Stage', '2023-07-30', 1, 25947),
(33, 16, 32, 26, 32, 'Eden Park, Auckland', 'Group Stage', '2023-07-30', 21, 34697),
(34, 18, 7, 27, 7, 'Allianz Stadium, Sydney', 'Group Stage', '2023-07-30', 9, 40499),
(35, 3, 19, 3, 28, 'Sky Stadium, Wellington', 'Group Stage', '2023-07-29', 2, 29143),
(36, 6, 21, 5, 29, 'Suncorp Stadium, Brisbane', 'Group Stage', '2023-07-29', 8, 49378),
(37, 22, 10, 15, 10, 'HBF Park, Perth', 'Group Stage', '2023-07-29', 22, 15987),
(38, 20, 14, 14, 13, 'Forsyth Barr Stadium, Dunedin', 'Group Stage', '2023-07-28', 13, 8834),
(39, 2, 13, 2, 17, 'Allianz Stadium, Sydney', 'Group Stage', '2023-07-28', 23, 40439),
(40, 26, 25, 22, 21, 'Coopers Stadium, Adelaide', 'Group Stage', '2023-07-28', 24, 12675),
(41, 5, 8, 18, 8, 'Sky Stadium, Wellington', 'Group Stage', '2023-07-27', 11, 27312),
(42, 24, 23, 20, 19, 'FMG Stadium Waikato, Hamilton', 'Group Stage', '2023-07-27', 14, 6645),
(43, 4, 12, 4, 16, 'Suncorp Stadium, Brisbane', 'Group Stage', '2023-07-27', 7, 49156),
(44, 9, 27, 6, 23, 'Forsyth Barr Stadium, Dunedin', 'Group Stage', '2023-07-26', 12, 6992),
(45, 1, 28, 1, 30, 'Eden Park, Auckland', 'Group Stage', '2023-07-26', 17, 20983),
(46, 30, 29, 25, 24, 'HBF Park, Perth', 'Group Stage', '2023-07-26', 15, 17065),
(47, 7, 17, 7, 12, 'Allianz Stadium, Sydney', 'Group Stage', '2023-07-25', 10, 24323),
(48, 31, 32, 31, 32, 'Sky Stadium, Wellington', 'Group Stage', '2023-07-25', 20, 32357),
(49, 15, 16, 9, 26, 'FMG Stadium Waikato, Hamilton', 'Group Stage', '2023-07-25', 6, 10769),
(50, 19, 20, 28, 14, 'Eden Park, Auckland', 'Group Stage', '2023-07-24', 9, 30889),
(51, 18, 11, 27, 11, 'AAMI Park, Melbourne', 'Group Stage', '2023-07-24', 1, 27256),
(52, 21, 22, 29, 15, 'Coopers Stadium, Adelaide', 'Group Stage', '2023-07-24', 2, 13142), 
(53, 3, 14, 3, 13, 'Sky Stadium, Wellington', 'Group Stage', '2023-07-23', 5, 18317),
(54, 8, 24, 8, 20, 'Forsyth Barr Stadium, Dunedin', 'Group Stage', '2023-07-23', 22, 11991),
(55, 6, 10, 5, 10, 'Allianz Stadium, Sydney', 'Group Stage', '2023-07-23', 4, 39045),
(56, 5, 23, 18, 19, 'Eden Park, Auckland', 'Group Stage', '2023-07-22', 19, 41107),
(57, 28, 9, 30, 6, 'FMG Stadium Waikato, Hamilton', 'Group Stage', '2023-07-22', 23, 16111),
(58, 2, 25, 2, 21, 'Suncorp Stadium, Brisbane', 'Group Stage', '2023-07-22', 25, 44369),
(59, 13, 26, 17, 22, 'HBF Park, Perth', 'Group Stage', '2023-07-22', 21, 16989),
(60, 12, 30, 16, 25, 'AAMI Park, Melbourne', 'Group Stage', '2023-07-21', 26, 21410),
(61, 32, 15, 32, 9, 'Forsyth Barr Stadium, Dunedin', 'Group Stage', '2023-07-21', 27, 13711),
(62, 1, 27, 1, 23, 'Sky Stadium, Wellington', 'Group Stage', '2023-07-21', 18, 22966),
(63, 31, 16, 31, 26, 'Eden Park, Auckland', 'Group Stage', '2023-07-20', 11, 42137),
(64, 4, 29, 4, 24, 'Accor Stadium, Sydney', 'Group Stage', '2023-07-20', 3, 75784);


-- View all inserted values

SELECT * FROM Game;

-- Insert Values into the Goal Table

INSERT INTO Goal (Goal_ID, Match_ID, Scorer, Assist, `Minute`, Country_ID, Goal_Type)
VALUES
(1, 64, 'Steph Catley', 'NONE', 52, 4, 'Penalty'),
(2, 63, 'Hannah Wilkinson', 'Jaqui Hand', 48, 31, 'Normal'),
(3, 62, 'Valeria de Campo', 'NONE', 21, 27, 'Own Goal'),
(4, 62, 'Aitana Bonmati', 'Ona Batlle', 23, 1, 'Normal'),
(5, 62, 'Esther Gonzalez', 'NONE', 27, 1, 'Normal'),
(6, 61, 'Ramona Bachmann', 'NONE', 45, 15, 'Penalty'),
(7, 61, 'Seraina Piubel', 'NONE', 64, 15, 'Normal'),
(8, 59, 'Amalie Vangsgaard', 'Pernille Harder', 89, 13, 'Normal'),
(9, 58, 'Georgia Stanway', 'NONE', 29, '2', 'Penalty'),
(10, 57, 'Hinata Miyazawa', 'Aoba Fujino', 43, 9, 'Normal'),
(11, 57, 'Mina Tanaka', 'Jun Edo', 55, 9, 'Normal'),
(12, 57, 'Hinata Miyazawa', 'Mina Tanaka', 62, 9, 'Normal'),
(13, 57, 'Jun Edo', 'Yui Hasegawa', 71, 9, 'Normal'),
(14, 57, 'Riko Ueki', 'NONE', 90+11, 9, 'Penalty'),
(15, 56, 'Sophia Smith', 'Alex Morgan', 14, 5, 'Normal'),
(16, 56, 'Sophia Smith', 'NONE', 45+7, 5, 'Normal'),
(17, 56, 'Lindsey Horan', 'Sophia Smith', 77, 5, 'Normal'),
(18, 54, 'Stefanie Van der Gragt', 'Sherida Spitse', 13, 8, 'Normal'),
(19, 53, 'Fridolina Rolfo', 'Johanna Rytting Kaneryd', 65, 3, 'Normal'),
(20, 53, 'Hildah Magaia', 'NONE', 48, 14, 'Normal'),
(21, 53, 'Amanda Ilestedt', 'Kosovare Asllani', 90, 3, 'Normal'),
(22, 52, 'Ary Borges', 'Debinha', 19, 21, 'Normal'),
(23, 52, 'Ary Borges', 'NONE', 39, 21, 'Normal'),
(24, 52, 'Beatriz', 'Ary Borges', 48, 21, 'Normal'),
(25, 52, 'Ary Borges', 'Geyse', 70, 21, 'Normal'),
(26, 51, 'Alexandra Popp', 'Kathrin Hendrich', 11, 18, 'Normal'),
(27, 51, 'Alexandra Popp', 'Klara Buhl', 39, 18, 'Normal'),
(28, 51, 'Klara Buhl', 'NONE', 46, 18, 'Normal'),
(29, 51, 'Hanane Ait El Haj', 'NONE', 54, 11, 'Own Goal'),
(30, 51, 'Yasmin Mrabet', 'NONE', 79, 11, 'Own Goal'),
(31, 51, 'Lea Schuller', 'NONE', 90, 18, 'Normal'),
(32, 50, 'Cristiana Girelli', 'Lisa Boattin', 87, 19, 'Normal'),
(33, 48, 'Sarina Bolden', 'Sara Eggesvik', 24, 32, 'Normal'),
(34, 47, 'Catalina Usme', 'NONE', 30, 7, 'Penalty'), 
(35, 47, 'Lina Caicedo', 'NONE', 39, 7, 'Normal'),
(36, 46, 'Katie McCabe', 'NONE', 4, 29, 'Normal'),
(37, 46, 'Megan Connolly', 'NONE', 45+5, 29, 'Own Goal'),
(38, 46, 'Adriana Leon', 'Sophie Schmidt', 53, 30, 'Normal'),
(39, 45, 'Teresa Abelleira', 'Jennifer Hermoso', 9, 1, 'Normal'),
(40, 45, 'Jennifer Hermoso', 'Alexia Putellas', 13, 1, 'Normal'),
(41, 45, 'Alba Redondo', 'Eva Navarro', 69, 1, 'Normal'),
(42, 45, 'Jennifer Hermoso', 'NONE', 70, 1, 'Normal'),
(43, 45, 'Alba Redondo', 'Eva Navarro', 85, 1, 'Normal'),
(44, 44, 'Hikaru Naomoto', 'Mina Tanaka', 25, 9, 'Normal'),
(45, 44, 'Aoba Fujino', 'Mina Tanaka', 27, 9, 'Normal'),
(46, 43, 'Emily Van Egmond', 'Caitlin Foord', 45+1, 4, 'Normal'),
(47, 43, 'Uchenna Kanu', 'NONE', 45+6, 12, 'Normal'),
(48, 43, 'Osinachi Ohale', 'NONE', 65, 12, 'Normal'),
(49, 43, 'Asisat Oshoala', 'NONE', 72, 12, 'Normal'),
(50, 43, 'Alanna Kennedy', 'Kyra Cooney-Cross', 90+10, 4, 'Normal'),
(51, 42, 'Telma Encarnacao', 'Lucia Alves', 7, 24, 'Normal'),
(52, 42, 'Kika Nazareth', 'Telma Encarnacao', 21, 24, 'Normal'),
(53, 41, 'Jill Roord', 'Victoria Pelova', 17, 8, 'Normal'),
(54, 40, 'Lindsey Horan', 'Rose Lavelle', 62, 5, 'Normal'),
(55, 39, 'Wang Shuang', 'NONE', 74, 26, 'Penalty'),
(56, 39, 'Lauren James', 'Rachel Daly', 6, 2, 'Normal'),
(57, 38, 'Linda Motlhalo', 'Thembi kgatlana', 30, 14, 'Normal'),
(58, 38, 'Thembi Kgatlana', 'Jermaine Seoposenwe', 66, 14, 'Normal'),
(59, 38, 'Sophia Braun', 'NONE', 74, 20, 'Normal'),
(60, 38, 'Romina Nunez', 'Yamila Rodriguez', 79, 20, 'Normal'),
(61, 37, 'Allyson Swaby', 'Trudi Carter', 56, 10, 'Normal'),
(62, 36, 'Euginie Le Sommer', 'Kadidiatou Diani', 17, 6, 'Normal'),
(63, 36, 'Debinha', 'NONE', 58, 21, 'Normal'),
(64, 36, 'Wendie Renard', 'Selma Bacha', 83, 6, 'Normal'),
(65, 35, 'Amanda Ilestedt', 'Jona Andersson', 39, 3, 'Normal'),
(66, 35, 'Fridolina Rolfo', 'NONE', 44, 3, 'Normal'),
(67, 35, 'Stina Blackstenius', 'NONE', 45+1, 3, 'Normal'),
(68, 35, 'Amanda Ilestedt', 'Jona Andersson', 50, 3, 'Normal'),
(69, 35, 'Rebecka Blomqvist', 'Sofia Jakobsson', 90+5, 3, 'Normal'),
(70, 34, 'Linda Caicedo', 'Jorelyn Carabali', 52, 7, 'Normal'),
(71, 34, 'Alexandra Popp', 'NONE', 89, 18, 'Penalty'),
(72, 34, 'Manuela Vanegas', 'Leicy Santos', 90+7, 7, 'Normal'),
(73, 33, 'Sophie Roman Haug', 'Thea Bjelde', 6, 16, 'Normal'),
(74, 33, 'Sophie Roman Haug', 'Vilde Boe Risa', 17, 16, 'Normal'),
(75, 33, 'Caroline Graham Hansen', 'NONE', 31, 16, 'Normal'),
(76, 33, 'Alicia Barker', 'NONE', 48, 32, 'Own Goal'),
(77, 33, 'Guro Reitin', 'NONE', 53, 16, 'Penalty'),
(78, 33, 'Sophie Roman Haug', 'Guro Reiten', 90+5, 16, 'Normal'),
(79, 31, 'Ibtissam Jraidi', 'Hanane Ait El Haj', 6, 11, 'Normal'),
(80, 30, 'Hayley Raso', 'NONE', 9, 4, 'Normal'),
(81, 30, 'Hayley Raso', 'NONE', 39, 4, 'Normal'),
(82, 30, 'Mary Fowler', 'Caitlin Foord', 58, 4, 'Normal'),
(83, 30, 'Steph Catley', 'NONE', 90+4, 4, 'Penalty'),
(84, 28, 'Lushomo Mweemba', 'Avell Chitundu', 3, 28, 'Normal'),
(85, 28, 'Barbra Banda', 'NONE', 31, 28, 'Penalty'),
(86, 28, 'Melissa Herrera', 'Valveria del Campo', 47, 27, 'Normal'),
(87, 28, 'Racheal Kundananji', 'Barbra Banda', 90+3, 28, 'Normal'),
(88, 27, 'Hinata Miyazawa', 'Jun Endo', 12, 9, 'Normal'),
(89, 27, 'Riko Ueki', 'Hinata Miyazawa', 29, 9, 'Normal'),
(90, 27, 'Hinata Miyazawa', 'Riko Ueki', 40, 9, 'Normal'),
(91, 27, 'Mina Tanaka', 'Miyabi Moriya', 82, 9, 'Normal'),
(92, 26, 'Alessia Russo', 'Lauren James', 4, 2, 'Normal'),
(93, 26, 'Lauren Hemp', 'Lauren James', 26, 2, 'Normal'),
(94, 26, 'Lauren James', 'Alex Greenwood', 41, 2, 'Normal'),
(95, 26, 'Wang Shuang', 'NONE', 57, 26, 'Penalty'),
(96, 26, 'Lauren James', 'Jess Carter', 65, 2, 'Normal'),
(97, 26, 'Chloe Kelly', 'Lauren James', 77, 2, 'Normal'),
(98, 26, 'Rachel Daly', 'Laura Coombs', 84, 2, 'Normal'),
(99, 25, 'Pernille Harder', 'NONE', 21, 13, 'Penalty'),
(100, 25, 'Sanne Troelsgaard Nielsen', 'Mille Gejl', 90+10, 13, 'Normal'),
(101, 23, 'Lieke Martens', 'NONE', 8, 8, 'Normal'),
(102, 23, 'Katja Snoejis', 'Danielle Van de Donk', 11, 8, 'Normal'),
(103, 23, 'Esmee Brugts', 'Lieke Martens', 18, 8, 'Normal'),
(104, 23, 'Jill ROord', 'Dominique Janssen', 23, 8, 'Normal'),
(105, 23, 'Danielle Van de Donk', 'NONE', 45, 8, 'Normal'),
(106, 23, 'Esmee Brugts', 'NONE', 57, 8, 'Normal'),
(107, 23, 'Jill Roord', 'Stefanie Van der Gragt', 83, 8, 'Normal'),
(108, 22, 'Marta Cox', 'NONE', 2, 22, 'Normal'),
(109, 22, 'Maelle Lakrar', 'Clara Mateo', 21, 6, 'Normal'),
(110, 22, 'Kadidiatou Diani', 'NONE', 28, 6, 'Normal'),
(111, 22, 'Kadidiatou Diani', 'NONE', 37, 6, 'Penalty'),
(112, 22, 'Lea Le Garrec', 'Selma Bacha', 45+5, 6, 'Normal'),
(113, 22, 'Kadidiatou Diani', 'NONE', 52, 6, 'Penalty'),
(114, 22, 'Yomira Pinzon', 'NONE', 64, 22, 'Penalty'),
(115, 22, 'Lineth Cedeno', 'NONE', 87, 22, 'Normal'), 
(116, 22, 'Vicki Becho', 'Eve Perisset', 90+10, 6, 'Penalty'),
(117, 20, 'Rebecka Blomqvist', 'Sofia Jakobsson', 66, 3, 'Normal'),
(118, 20, 'Elen Rubensson', 'NONE', 90, 3, 'Penalty'),
(119, 19, 'Arianna Caruso', 'NONE', 11, 19, 'Penalty'),
(120, 19, 'Benedetta Orsi', 'NONE', 32, 29, 'Own Goal'),
(121, 19, 'Hildah Magaia', 'Thembi Kgatlana', 67, 14, 'Normal'),
(122, 19, 'Arianna Caruso', 'Cristiana Girelli', 74, 19, 'Normal'),
(123, 19, 'Thembi Kgatlana', 'Hildah Magaia', 90+2, 14, 'Normal'),
(124, 18, 'Cho So-hyun', 'Lee Young-ju', 6, 17, 'Normal'),
(125, 18, 'Alexandra Popp', 'Svenja Huth', 42, 18, 'Normal'),
(126, 18, 'Anissa Lahmari', 'Sakina Ouzraoui', 45+4, 11, 'Normal'),
(127, 16, 'Ingrid Syrstad Engen', 'NONE', 15, 16, 'Own Goal'),
(128, 16, 'Guro Reiten', 'Vilde Boe Risa', 20, 16, 'Normal'),
(129, 16, 'Risa Shimizu', 'NONE', 50, 9, 'Normal'),
(130, 16, 'Hinata Miyazawa', 'Aoba Fujino', 81, 9, 'Normal'),
(131, 15, 'Aitana Bonmati', 'Alba Redondo', 5, 1, 'Normal'),
(132, 15, 'Laia Codina', 'NONE', 11, 1, 'Own Goal'),
(133, 15, 'Alba Redondo', 'Aitana Bonmati', 17, 1, 'Normal'),
(134, 15, 'Aitana Bonmati', 'NONE', 36, 1, 'Normal'),
(135, 15, 'Laia Codina', 'NONE', 45, 1, 'Normal'),
(136, 15, 'Jennifer Hermoso', 'Aitana Bonmati', 70, 1, 'Normal'),
(137, 14, 'Andi Sullivan', 'NONE', 1, 5, 'Penalty'),
(138, 14, 'Fridolina Rolfo', 'NONE', 2, 3, 'Penalty'),
(139, 14, 'Lindsey Horan', 'NONE', 3, 5, 'Penalty'),
(140, 14, 'Elin Rubensson', 'NONE', 4, 3, 'Penalty'),
(141, 14, 'Kristie Mewis', 'NONE', 5, 5, 'Penalty'),
(142, 14, 'Hanna Bennison', 'NONE', 10, 3, 'Penalty'),
(143, 14, 'Alyssa Naeher', 'NONE', 11, 5, 'Penalty'),
(144, 14, 'Magdalena Eriksson', 'NONE', 12, 3, 'Penalty'),
(145, 14, 'Lina Hurtig', 'NONE', 14, 3, 'Penalty'),
(146, 13, 'Jill Roord', 'NONE', 9, 8, 'Normal'),
(147, 13, 'Lineth Beerensteyn', 'Lieke Martens', 68, 8, 'Normal'),
(148, 12, 'Caitlin Foord', 'Mary Fowler', 29, 4, 'Normal'),
(149, 12, 'Hayley Raso', 'Emily Van Egmond', 70, 4, 'Normal'),
(150, 12, 'Bethany England', 'NONE', 3, 2, 'Penalty'),
(151, 11, 'Rachel Daly', 'NONE', 5, 2, 'Penalty'),
(152, 11, 'Rasheedat Ajibade', 'NONE', 6, 12, 'Penalty'),
(153, 11, 'Alex Greenwood', 'NONE', 7, 2, 'Penalty'),
(154, 11, 'Christy Ucheibe', 'NONE', 8, 12, 'Penalty'),
(155, 11, 'Chloe Kelly', 'NONE', 9, 2, 'Penalty'),
(156, 10, 'Kadidiatou Diani', 'Sakina Karchaoui', 15, 6, 'Normal'),
(157, 10, 'Kenza Dali', 'Kadidiatou Diani', 20, 6, 'Normal'),
(158, 10, 'Eugenie Le Sommer', 'Kadidiatou Diani', 23, 6, 'Normal'),
(159, 10, 'Euginie Le Sommer', 'Vicki Becho', 70, 6, 'Normal'),
(160, 9, 'Catalina Usme', 'Ana Maria Guzman', 51, 7, 'Normally'),
(161, 8, 'Amanda Ilestedt', 'NONE', 32, 3, 'Normal'),
(162, 8, 'Filippa Angeldahl', 'NONE', 51, 3, 'Normal'),
(163, 8, 'Honoka Hayashi', 'NONE', 87, 3, 'Normal'),
(164, 7, 'Mariona Caldentey', 'NONE', 81, 1, 'Penalty'),
(165, 7, 'Stefanie Van der Gragt', 'Victoria Pelova', 90+1, 8, 'Normal'),
(166, 7, 'Salma Paralluelo', 'Jennifer Hermoso', 111, 1, 'Normal'),
(167, 6, 'Leicy Santos', 'Linda Caicedo', 44, 7, 'Normal'),
(168, 6, 'Lauren Hemp', 'NONE', 44+6, 2, 'Normal'),
(169, 6, 'Alessia Russo', 'NONE', 63, 2, 'Normal'),
(170, 5, 'Caitlin Foord', 'NONE', 2, 4, 'Penalty'),
(171, 5, 'Kadidiatou Diani', 'NONE', 3, 6, 'Penalty'),
(172, 5, 'Wendie Renard', 'NONE', 5, 6, 'Penalty'),
(173, 5, 'Sam Kerr', 'NONE', 6, 4, 'Penalty'),
(174, 5, 'Eugenie Le Sommer', 'NONE', 7, 6, 'Penalty'),
(175, 5, 'Mary Fowler', 'NONE', 8, 4, 'Penalty'),
(176, 5, 'Grace Geyoro', 'NONE', 11, 6, 'Penalty'),
(177, 5, 'Katrina Gorry', 'NONE', 12, 4, 'Penalty'),
(178, 5, 'Sakina Karchaoui', 'NONE', 13, 6, 'Penalty'),
(179, 5, 'Tameka Yallop', 'NONE', 14, 4, 'Penalty'),
(180, 5, 'Maelle Lakrar', 'NONE', 15, 6, 'Penalty'),
(181, 5, 'Ellie Carpenter', 'NONE', 16, 4, 'Penalty'),
(182, 5, 'Cortnee Vine', 'NONE', 20, 4, 'Penalty'),
(183, 4, 'Salma Paralluelo', 'NONE', 81, 1, 'Normal'),
(184, 4, 'Rebecka Blomqvist', 'Lina Hurtig', 88, 3, 'Normal'),
(185, 4, 'Olga Carmona', 'Teresa Abelleira', 89, 1, 'Normal'),
(186, 3, 'Ella Toone', 'NONE', 36, 2, 'Normal'),
(187, 3, 'Sam Kerr', 'NONE', 63, 4, 'Normal'),
(188, 3, 'Lauren Hemp', 'Millie Bright', 71, 2, 'Normal'),
(189, 3, 'Alessia Russo', 'Lauren Hemp', 86, 2, 'Normal'),
(190, 2, 'Fridolina Rolfo', 'NONE', 30, 3, 'Penalty'),
(191, 2, 'Kosovare Asllani', 'Stina Blackstenius', 62, 3, 'Normal'),
(192, 1, 'Olga Carmona', 'Mariona Caldentey', 29, 1, 'Normal');

-- Show all the inserted data

SELECT * FROM Goal;

-- Inserting into Card Table

INSERT INTO Card (Card_ID, Match_ID, Player, Card_Type, Country_ID)
VALUES
(1, 64, "Denise O'Sullivan", 'Yellow', 29),
(2, 63, 'Emilie Haavi', 'Yellow', 16),
(3, 61, 'Ramona Bachmann', 'Yellow', 15),
(4, 61, 'Noelle Maritz', 'Yellow', 15),
(5, 61, 'Sofia Harrison', 'Yellow', 32),
(6, 60, 'Blessing Demehin', 'Yellow', 12),
(7, 60, 'Ashley Lawrence', 'Yellow', 30),
(8, 60, 'Evelyne Viens', 'Yellow', 30),
(9, 60, 'Deborah Abiodun', 'Red', 12),
(10, 59, 'Rikke Sevecke', 'Yellow', 13),
(11, 58, 'Dayana Pierre-Louis', 'Yellow', 25),
(12, 58, 'Georgia Stanway', 'Yellow', 2),
(13, 58, 'Lauren Hemp', 'Yellow', 2),
(14, 57, 'Catherine Musonda', 'Red', 28),
(15, 56, 'Lindsey Horan', 'Yellow', 5),
(16, 56, 'Huynh Nhur', 'Yellow', 23),
(17, 55, 'Clara Mateo', 'Yellow', 6),
(18, 55, 'Atlanta Primus', 'Yellow', 10),
(19, 55, 'Khadija Shaw', 'Yellow', 10),
(20, 54, 'Jessica Silva', 'Yellow', 24),
(21, 54, 'Danielle van de Donk', 'Yellow', 8),
(22, 54, 'Diana Gomes', 'Yellow', 24),
(23, 53, 'Kholosa Biyana', 'Yellow', 14),
(24, 53, 'Refiloe Jane', 'Yellow', 14),
(25, 51, 'Nicole Anyomi', 'Yellow', 18),
(26, 50, 'Mariana Larroquette', 'Yellow', 20),
(27, 50, 'Arianna Caruso', 'Yellow', 19),
(28, 50, 'Miriam Mayorga', 'Yellow', 20),
(29, 50, 'Florencia Bonsegundo', 'Yellow', 20),
(30, 50, 'Barbara Bonansea', 'Yellow', 19),
(31, 50, 'Eliana Stabile', 'Yellow', 20),
(32, 48, 'Hannah Wilkinson', 'Yellow', 31),
(33, 48, 'Angela Beard', 'Yellow', 32),
(34, 47, 'Manuela Vanegas', 'Yellow', 7),
(35, 47, 'Shim Seo-yeon', 'Yellow', 17),
(36, 47, 'Carolina Arias','Yellow', 7),
(37, 47, 'Lim Seon-joo', 'Yellow', 17),
(38, 46, 'Kadeisha Buchannan', 'Yellow', 30),
(39, 46, 'Vanessa Gilles', 'Yellow', 30),
(40, 46, 'Katie McCabe', 'Yellow', 29),
(41, 45, 'Ochumba Oseke', 'Yellow', 28),
(42, 45, 'Martha Tembo', 'Yellow', 28),
(43, 44, 'Priscila Chinchilla', 'Yellow', 27),
(44, 43, 'Michelle Alozie', 'Yellow', 12),
(45, 43, 'Caitlin Foord', 'Yellow', 4),
(46, 43, 'Asisat Oshoala', 'Yellow', 12),
(47, 42, 'Ana Borges', 'Yellow', 24),
(48, 41, 'Rose Lavelle', 'Yellow', 5),
(49, 40, 'Zhang Rui', 'Red', 26),
(50, 40, 'Melchie Dumornay', 'Yellow', 25),
(51, 38, 'Kholosa Biyana', 'Yellow', 14),
(52, 38, 'Miriam Mayorga', 'Yellow', 20),
(53, 38, 'Tiisetso Makhubela', 'Yellow', 14),
(54, 37, 'Emily Cedeno', 'Yellow', 22),
(55, 37, 'Deysire Salazar', 'Yellow', 22),
(56, 37, 'Deneisha Blackwood', 'Yellow', 10),
(57, 36, 'Kenza Dali', 'Yellow', 6),
(58, 36, 'Sandie Toletti', 'Yellow', 6),
(59, 36, 'Luana', 'Yellow', 21),
(60, 36, 'Sakina Karchaoui', 'Yellow', 6),
(61, 34, 'Lena Oberdof', 'Yellow', 18),
(62, 34, 'Lorena Bedoya', 'Yellow', 7),
(63, 34, 'Diana Ospina', 'Yellow', 7),
(64, 34, 'Catalina Perez', 'Yellow', 7),
(65, 33, 'Katrina Guillou', 'Yellow', 32),
(66, 33, 'Sofia Harrison', 'Red', 32),
(67, 33, 'Vilde Boe Risa', 'Yellow', 16),
(68, 31, 'Nouhaila Benzina', 'Yellow', 11),
(69, 30, 'Emily Van Egmond', 'Yellow', 4),
(70, 30, 'Mackenzie Arnold', 'Yellow', 4),
(71, 29, 'Katie McCabe', 'Yellow', 29),
(72, 28, 'Katherine Alvarado', 'Yellow', 27),
(73, 28, 'Mariana Benavides', 'Yellow', 27),
(74, 28, 'Valeria del Campo', 'Yellow', 27),
(75, 28, 'Martha Tembo', 'Yellow', 28),
(76, 28, 'Barbra Banda', 'Yellow', 28),
(77, 27, 'Olga Carmona', 'Yellow', 1),
(78, 27, 'Oihane Hernandez', 'Yellow', 1),
(79, 26, 'Lucy Bronze', 'Yellow', 2),
(80, 25, 'Karen Holmgaard', 'Yellow', 13),
(81, 24, 'Rose Lavelle', 'Yellow', 5),
(82, 24, 'Sophia Smith', 'Yellow', 5),
(83, 24, 'Carole Costa', 'Yellow', 24),
(84, 24, 'Diana Gomes', 'Yellow', 24),
(85, 24, 'Naomi Girma', 'Yellow', 5),
(86, 24, 'Catarina Amado', 'Yellow', 24),
(87, 23, 'Duong Thi Van', 'Yellow', 23),
(88, 22, 'Yomira Pinzon', 'Yellow', 22),
(89, 21, 'Cheyna Matthews', 'Yellow', 10),
(90, 20, 'Olivia Schough', 'Yellow', 3),
(91, 20, 'Camila Gomez Ares', 'Yellow', 20),
(92, 18, 'Marina Hegering', 'Yellow', 18),
(93, 17, 'Manuela Vanegas', 'Yellow', 7),
(94, 17, 'Ghizlane Chebbak', 'Yellow', 11),
(95, 15, 'Julia Stierli', 'Yellow', 15),
(96, 14, 'Kosovare Asllani', 'Yellow', 3),
(97, 14, 'Julie Ertz', 'Yellow', 5),
(98, 13, 'Danielle Van de Donk', 'Yellow', 8),
(99, 12, 'Janni Thomsen', 'Yellow', 13),
(100, 11, 'Lauren James', 'Red', 2),
(101, 10, 'Hanane Ait El Haj', 'Yellow', 11),
(102, 9, 'Chantelle Swaby', 'Yellow', 10),
(103, 9, 'Drew Spence', 'Yellow', 10),
(104, 9, 'Daniela Arias', 'Yellow', 7),
(105, 8, 'Riko Ueki', 'Yellow', 9),
(106, 7, 'Oihane Hernandez', 'Yellow', 1),
(107, 7, 'Damaris Egurrola', 'Yellow', 8),
(108, 5, 'Katrina Gorry', 'Yellow', 4),
(109, 3, 'Alex Greenwood', 'Yellow', 2),
(110, 3, 'Chloe Kelly', 'Yellow', 2),
(111, 2, 'Katrina Gorry', 'Yellow', 4),
(112, 2, 'Elin Rubensson', 'Yellow', 3),
(113, 2, 'Lina Hurtig', 'Yellow', 3),
(114, 1, 'Lauren Hemp', 'Yellow', 2),
(115, 1, 'Salma Paralluelo', 'Yellow', 1);

-- View Inserted values

SELECT * FROM Card;


